Workbook

Sheet Overview
A1: GS: Where to Study (Group 4 General Studies) - Overview
A2: Text was read from the PDF by OCR; check the original PDF if a word looks wrong. Change Status on the Topics sheet (blue cells).
A4: Unit | B4: Title | C4: Questions | D4: Total topics | E4: Completed | F4: In progress | G4: Not started | H4: % complete
A5: I | B5: பொது அறிவியல் / General Science | C5: 5 | D5: =COUNTIF(Topics!$B$2:$B$93,A5) -> 25 | E5: =COUNTIFS(Topics!$B$2:$B$93,A5,Topics!$I$2:$I$93,"Completed")+COUNTIFS(Topics!$B$2:$B$93,A5,Topics!$I$2:$I$93,"Revised") -> 0 | F5: =COUNTIFS(Topics!$B$2:$B$93,A5,Topics!$I$2:$I$93,"In Progress") -> 0 | G5: =D5-E5-F5 -> 25 | H5: =IF(D5=0,0,E5/D5) -> 0
A6: II | B6: இந்தியாவின் புவியியல் / Geography of India | C6: 5 | D6: =COUNTIF(Topics!$B$2:$B$93,A6) -> 10 | E6: =COUNTIFS(Topics!$B$2:$B$93,A6,Topics!$I$2:$I$93,"Completed")+COUNTIFS(Topics!$B$2:$B$93,A6,Topics!$I$2:$I$93,"Revised") -> 0 | F6: =COUNTIFS(Topics!$B$2:$B$93,A6,Topics!$I$2:$I$93,"In Progress") -> 0 | G6: =D6-E6-F6 -> 10 | H6: =IF(D6=0,0,E6/D6) -> 0
A7: III | B7: இந்தியாவின் வரலாறு, பண்பாடு மற்றும் இந்திய தேசிய இயக்கம் / History, Culture and Indian National Movement | C7: 10 | D7: =COUNTIF(Topics!$B$2:$B$93,A7) -> 17 | E7: =COUNTIFS(Topics!$B$2:$B$93,A7,Topics!$I$2:$I$93,"Completed")+COUNTIFS(Topics!$B$2:$B$93,A7,Topics!$I$2:$I$93,"Revised") -> 0 | F7: =COUNTIFS(Topics!$B$2:$B$93,A7,Topics!$I$2:$I$93,"In Progress") -> 0 | G7: =D7-E7-F7 -> 17 | H7: =IF(D7=0,0,E7/D7) -> 0
A8: IV | B8: இந்திய ஆட்சியியல் / Indian Polity | C8: 15 | D8: =COUNTIF(Topics!$B$2:$B$93,A8) -> 12 | E8: =COUNTIFS(Topics!$B$2:$B$93,A8,Topics!$I$2:$I$93,"Completed")+COUNTIFS(Topics!$B$2:$B$93,A8,Topics!$I$2:$I$93,"Revised") -> 0 | F8: =COUNTIFS(Topics!$B$2:$B$93,A8,Topics!$I$2:$I$93,"In Progress") -> 0 | G8: =D8-E8-F8 -> 12 | H8: =IF(D8=0,0,E8/D8) -> 0
A9: V | B9: இந்தியப் பொருளாதாரம் மற்றும் தமிழ்நாட்டில் வளர்ச்சி நிர்வாகம் / Indian Economy and Development Administration in Tamil Nadu | C9: 20 | D9: =COUNTIF(Topics!$B$2:$B$93,A9) -> 19 | E9: =COUNTIFS(Topics!$B$2:$B$93,A9,Topics!$I$2:$I$93,"Completed")+COUNTIFS(Topics!$B$2:$B$93,A9,Topics!$I$2:$I$93,"Revised") -> 0 | F9: =COUNTIFS(Topics!$B$2:$B$93,A9,Topics!$I$2:$I$93,"In Progress") -> 0 | G9: =D9-E9-F9 -> 19 | H9: =IF(D9=0,0,E9/D9) -> 0
A10: VI | B10: தமிழ்நாட்டின் வரலாறு, பண்பாடு, மரபு மற்றும் சமூக இயக்கங்கள் / History, Culture, Heritage and Socio-Political Movements of Tamil Nadu | C10: 20 | D10: =COUNTIF(Topics!$B$2:$B$93,A10) -> 9 | E10: =COUNTIFS(Topics!$B$2:$B$93,A10,Topics!$I$2:$I$93,"Completed")+COUNTIFS(Topics!$B$2:$B$93,A10,Topics!$I$2:$I$93,"Revised") -> 0 | F10: =COUNTIFS(Topics!$B$2:$B$93,A10,Topics!$I$2:$I$93,"In Progress") -> 0 | G10: =D10-E10-F10 -> 9 | H10: =IF(D10=0,0,E10/D10) -> 0
A11: Total | C11: =SUM(C5:C10) -> 75 | D11: =SUM(D5:D10) -> 92 | E11: =SUM(E5:E10) -> 0 | F11: =SUM(F5:F10) -> 0 | G11: =SUM(G5:G10) -> 92 | H11: =IF(D11=0,0,E11/D11) -> 0
A12: Exam-weighted progress | H12: =IF(C11=0,0,SUMPRODUCT(C5:C10,H5:H10)/C11) -> 0

Sheet Topics
A1: SL | B1: Unit | C1: Subject | D1: Topic (Tamil) | E1: Topic (English) | F1: Where to study (Tamil books) | G1: Where to study (English books) | H1: PDF page | I1: Status | J1: Date completed | K1: My notes
A2: 1 | B2: I | C2: Physics | D2: அறிவியல் அறிவு மற்றும் அறிவியல் உணர்வு - பகுத்தறிதல் - பொருள் உணராமல் கற்றலும் கருத்துணர்ந்து கற்றலும் - கடந்த காலம், நிகழ்காலம், எதிர்காலம் பற்றி புரிந்து கொள்வதற்கான ஒரு கருவி அறிவியல் | E2: Scientific Knowledge and Scientific Temper - Power of Reasoning - Rote Learning vs Conceptual Learning Science as a tool to understand the past, present and future | F2: 1. இந்த தலைப்புகள் தொடர்பான பொதுவான தகவல்களையும் மற்றும் முந்தைய வருட வினாக்களையும் படித்துக் கொள்ளவும் | G2: 1. Read the General information above the given topics and also read the previous years question papers for the given topics | H2: 1 | I2: Not Started
A3: 2 | B3: I | C3: Physics | D3: இயற்பியல் அளவுகளின் அளவீடுகள் | E3: Measurement of Physical Quantities | F3: 1. அளவீடுகள் (€-ம் வகுப்பு) 2. அளவீடுகள் (7-ம் வகுப்பு) 3. அளவீடுகள் (8-ம் வகுப்பு) 4. அளவீடுகள் (9-ம் வகுப்பு) 5. அளவீடுகள் (11-ம் வகுப்பு) | G3: 1. Measurements (6th std) 2. Measurements (7th std) 3. Measurements (8th std) 4. Measurements (9th std) 5. Measurements (11th std) | H3: 1 | I3: Not Started
A4: 3 | B4: I | C4: Physics | D4: பேரண்டத்தின் இயல்பு | E4: Nature of Universe | F4: 1. அண்டம் மற்றும் விண்வெளி (7-ம் வகுப்பு) 2. அண்டம் மற்றும் அறிவியல் (8-ம் வகுப்பு) 3. அண்டம் (9-ம் வகுப்பு) 4. அண்டம் மற்றும் சூரியக்குடும்பம் (6-ம் வகுப்பு சமூக அறிவியல்) | G4: 1. Universe and space (7thstd) 2. Universe and science (8thstd) 3. Universe (9thstd) 4. Universe and Solar system (6th Std — Social Science) | H4: 1 | I4: Not Started
A5: 4 | B5: I | C5: Physics | D5: பொது அறிவியல் விதிகள் | E5: General Scientific Laws | F5: 1. 6 முதல் 12-ம் வகுப்பு வரை உள்ள அறிவியல் விதிகளை படித்துக் கொள்ளவும். | G5: 1. Read all the laws from 6th to 12th standard school books | H5: 1 | I5: Not Started
A6: 5 | B6: I | C6: Physics | D6: இயக்கவியல், விசை, அழுத்தம், இயக்கம் மற்றும் ஆற்றல், அன்றாட வாழ்வில் இயக்கவியல் | E6: Mechanics, Force, Pressure, Motion and Energy Everyday application of the basic principles of Mechanics | F6: 1. விசை மற்றும் இயக்கம் (6-ம் வகுப்பு) 2. விசை மற்றும் இயக்கம் (7-ம் வகுப்பு) 3. விசை மற்றும் அழுத்தம் (8-ம் வகுப்பு) 4. இயக்கம் (9-ம் வகுப்பு) 5. இயக்க விதிகள் (10-ம் வகுப்பு) 6. இயக்கவியல் (11-ம் வகுப்பு) 7. இயக்க விதிகள் (11-ம் வகுப்பு) | G6: 1. Force and motion (6th Std) 2. Force and motion (7th Std) 3. Force and pressure (8th Std) 4. Motion (9th Std) 5. Laws of motion (10th Std) 6. Motion (11th Std) 7. Laws of motion (11% Std) | H6: 1 | I6: Not Started
A7: 6 | B7: I | C7: Physics | D7: பருப்பொருள்களின் பண்புகள் | E7: Properties of Matter | F7: 1. பருப்பொருள்களின் பண்புகள் (11-ம் வகுப்பு) | G7: 1. Properties of Matter (11% Std) | H7: 1 | I7: Not Started
A8: 7 | B8: I | C8: Physics | D8: மின்னியல் | E8: Electricity | F8: 1. மின்னியல் (6-ம் வகுப்பு) 2. மின்னியல் (7-ம் வகுப்பு) 3. மின்னியல் (8-ம் வகுப்பு) 4. மின்னோட்டம் மற்றும் மின்னியல் (9-ம் வகுப்பு) 5. மின்னியல் (10-ம் வகுப்பு) | G8: 1. Electricity (6th Std) 2. Electricity (7th Std) 3. Electric charge and Electric current (9th Std) 4. Electricity (8th Std) 5. Electricity (10th Std) | H8: 1 | I8: Not Started
A9: 8 | B9: I | C9: Physics | D9: காந்தவியல் | E9: Magnetism | F9: 1. காந்தவியல் (6-ம் வகுப்பு) 2. காந்தவியல் (8-ம் வகுப்பு) 3. காந்தவியல் (9-ம் வகுப்பு) | G9: 1. Magnetism (6th Std) 2. Magnetism (8th Std) 3. Magnetism (9th Std) | H9: 1 | I9: Not Started
A10: 9 | B10: I | C10: Physics | D10: ஒளி | E10: Light | F10: 1. ஒளி (7-ம் வகுப்பு) 2. ஒளி (8-ம் வகுப்பு) 3. ஒளி (9-ம் வகுப்பு) 4. ஒளியியல் (10-ம் வகுப்பு) | G10: 1. Light (7th Std) 2. Light (8th Std) 3. Light (9th Std) 4. Optics (10th Std) | H10: 1 | I10: Not Started
A11: 10 | B11: I | C11: Physics | D11: ஒன் > | E11: Ki Sound | F11: 1. ஒலி (8-ம் வகுப்பு) 2. ஒலி (9-ம் வகுப்பு) 3. ஒலியியல் (10-ம் வகுப்பு) | G11: 1. Sound (8th Std) 2. Sound (9th Std) 3. Acoustics (10th Std) | H11: 1 | I11: Not Started
A12: 11 | B12: I | C12: Physics | D12: வெப்பம் க று ட... ன | E12: Heat | F12: 1. வெப்பம் (€-ம் வகுப்பு) 2. வெப்பம் மற்றும் வெப்பநிலை (7-ம் வகுப்பு) 3. வெப்பம் (8-ம் வகுப்பு) 4. வெப்பம் (9-ம் வகுப்பு) 5. வெப்ப இயற்பியல் (10-ம் வகுப்பு) | G12: 1. Heat (6th Std) 2. Heat & Temperature (7 Std) 3. Heat (8th Std) 4. Heat (9th Std) 5. Thermal Physics (10th Std) | H12: 1 | I12: Not Started
A13: 12 | B13: I | C13: Physics | D13: அணுக்கரு இயற்பியல் | E13: Nuclear Physics | F13: 1. அணுக்கரு இயற்பியல் (10-ம் வகுப்பு) 2. அணு மற்றும் அணுக்கரு இயற்பியல் (12-ம் வகுப்பு) | G13: 1. . Nuclear Physics (10th Std) 2. . Atomic and Nuclear Physics (19% Std) | H13: 2 | I13: Not Started
... A26: 25 | B26: I | C26: Chemistry | D26: சுற்றுப்புறச்சூழல் மற்றும் சூழலியல் | E26: Environmental Science and Ecology | F26: 1. நமது சுற்றுச்சூழல் (6-ம் வகுப்பு) 2. தாவரங்கள் மற்றும் விலங்குகளைப் பாதுகாத்தல் (8-ம் வகுப்பு) 3. சுற்றுச்சூழல் அறிவியல் (9-ம் வகுப்பு) 4. சுற்றுச்சூழல் மேலாண்மை (10-ம் வகுப்பு) | G26: 1. Our Environment (6th Std) 2. Conservation of Plants and Animals (8th Std) 3. Environmental Science (9th Std) 4. Environmental Management (10th Std | H26: 3 | I26: Not Started
A27: 26 | B27: II | D27: புவி அமைவிடம் | E27: Earth Location | F27: 1. இந்தியா - அமைவிடம், இயற்கை அமைப்புகள் (10-ம் வகுப்பு) | G27: 1. India - Location, Physical Features and relief | H27: 3 | I27: Not Started
A28: 27 | B28: II | D28: இயற்கை அமைவுகள், ஆறுகள் | E28: Physical features, Rivers | F28: 1. &. பயியான அமைப்பு ரம் வகுப்பு) 2. புவி மாதிரி (€-ம் வகுப்பு) | G28: 1. பப்ப பபர் 2. The Globe (6th Std) 3. The Structure of the Earth (7th Std) | H28: 3 | I28: Not Started
A29: 28 | B29: II | D29: பருவமழை, மழைப்பொழிவு, வானிலை மற்றும் காலநிலை, நீர் வளங்கள் | E29: Monsoon, Rainfall, Weather and Climate Water Resources | F29: 1. வானிலை மற்றும் காலநிலை (8-ம் வகுப்பு) 2. நீரியல் சுழற்சி (9-ம் வகுப்பு) 3. வளிமண்டலம் (9-ம் வகுப்பு) 4. இந்தியா - காலநிலை மற்றும் இயற்கைத் தாவரங்கள் (10-ம் வகுப்பு) 5. வளிமண்டலம் (11-ம் வகுப்பு) | G29: 1. Weather and Climate (8th Std) 2. Hydrological cycle (9th Std) 3. Atmosphere (9th Std) 4. India - Climate and Natural Vegetation (10th Std) 5. Atmosphere (11th Std) | H29: 3 | I29: Not Started
A30: 29 | B30: II | D30: மண், வேளாண் முறைகள் | E30: Soil, Agricultural pattern | F30: 1. பாறை மற்றும் மண் (8-ம் வகுப்பு) 2. இந்தியா - மண் மற்றும் வேளாண்மை (10-ம் வகுப்பு) | G30: 1. Rocks and Soils (8th Std) 2. India - Soil and agriculture (10th Std) | H30: 3 | I30: Not Started
A31: 30 | B31: II | D31: கனிம வளங்கள் மற்றும் இயற்கை வளங்கள், காடு மற்றும் வன உயிரினங்கள் | E31: Minerals and Natural Resources Forest and Wildlife | F31: 1. இந்தியா - காலநிலை மற்றும் இயற்கைத் தாவரங்கள் (10-ம் வகுப்பு) 2. இந்தியா - கனிம மற்றும் இயற்கை வளங்கள் (10-ம் வகுப்பு) 3. வளங்கள் (7-ம் வகுப்பு) 4. வளங்கள் (12-ம் வகுப்பு) | G31: 1. India - Climate and Natural Vegetation (10th Std) 2. India - Mineral and Natural Resources (10th Std) 3. Resources (7th Std) 4. Resources ( 12th Std) | H31: 3 | I31: Not Started
A32: 31 | B32: II | D32: போக்குவரத்து, தகவல் தொடர்பு | E32: Transport, Communication | F32: 1. இந்தியா - மக்கள்தொகை, போக்குவரத்து, வணிகம் மற்றும் தொலைத்தொடர்பு (10-ம் வகுப்பு) 2. புவி தகவலியல் (12-ம் வகுப்பு) | G32: 1. India - Population, Transport, Trade and Communication (10th Std) 2. Geoinformatics (12th Std) | H32: 3 | I32: Not Started
A33: 32 | B33: II | D33: சமூகப் புவியியல் - இனம், மொழிக் குழுக்கள் மற்றும் முக்கியப் பழங்குடிகள் | E33: Social Geography - Race, Linguistic Groups and Major tribes | F33: 1. கலாச்சாரம் மற்றும் அரசியல் புவியியல் (12-ம் வகுப்பு - புவியியல்) 2. மக்கள்தொகை மற்றும் குடியிருப்பு (7-ம் வகுப்பு) | G33: 1. Cultural and Political Geography (12th Std - Geography) 2. Population and Settlement (7th Std) | H33: 4 | I33: Not Started
A34: 33 | B34: II | D34: இந்தியாவில் மக்கள்தொகை அடர்த்தி மற்றும் பரவல் | E34: Population density and distribution in India | F34: 1. இந்தியா - மக்கள்தொகை, போக்குவரத்து, வணிகம் மற்றும் தொலைத்தொடர்பு (10-ம் வகுப்பு) 2. (மக்கள்தொகை தொடர்பான தகவல்கள் மட்டும்) | G34: 1. India - Population, Transport, Trade and Communication (10th Std) 2. (Population related information’s only) | H34: 4 | I34: Not Started
A35: 34 | B35: II | D35: இயற்கைப் பேரிடர், பேரிடர் மேலாண்மை | E35: Natural Disaster, Disaster Management | F35: 1. பேரிடர் மேலாண்மை (7 மற்றும் 9-ம் வகுப்பு) 2. இடர்கள் (8-ம் வகுப்பு) 3. மனிதனால் ஏற்படும் இடர்கள் (9-ம் வகுப்பு) 4. பேரிடரைப் புரிந்து கொள்ளுதல் (6-ம் வகுப்பு) 5. இயற்கைப் பேரிடர் - பேரிடர் குறைப்பு, நடவடிக்கை தொடர்பான சமூக விழிப்புணர்வு (11-ம் வகுப்பு) 6. மனிதனால் ஏற்படும் இடர்கள் - பேரிடர் குறைப்பு, நடவடிக்கை தொடர்பான சமூக விழிப்புணர்வு (12-ம் வகுப்பு) | G35: 1. Disaster Management (7th, 9th Std) 2. Hazards (8th Std) 3. Manmade Disaster (9th Std) 4. Understanding Disaster (6th Std) 5. Natural Disaster — Public awareness for Disaster Risk reduction (11th Std) 6. Manmade disaster, Public awareness for Disaster Risk Reduction (12th Std) | H35: 4 | I35: Not Started
A36: 35 | B36: II | D36: சுற்றுச்சூழல் மாசுபடுதல்: காரணங்களும் தடுப்பு முறைகளும் - பருவநிலை மாற்றம் - பசுமை ஆற்றல் | E36: Environmental pollution: Reasons and preventive measures - Climatic change - Green energy. | F36: 1. மனிதனும் சுற்றுச்சூழலும் (8-ம் வகுப்பு) 2. பேணத்தகுந்த மேம்பாடு (12-ம் வகுப்பு - புவியியல்) 3. வளிமண்டலம் (11-ம் வகுப்பு) 4. 3 & 6.4 மட்டும்) | G36: 1. Man and Environment (9th Std) 2. Sustainable Development (19% Std - Geography) 3. Atmosphere (11% Std) 4. 3 — 6.4 Only) | H36: 4 | I36: Not Started
A37: 36 | B37: III | D37: சிந்து சமவெளி நாகரிகம் | E37: Indus Valley Civilization | F37: 1. சிந்துவெளி நாகறிகம் (6-ம் வகுப்பு) 2. சிந்துவெளி நாகரிகம் (8-ம் வகுப்பு - 2.5 மட்டும்) 3. சிந்துவெளி நாகரிகம் (11-ம் வகுப்பு வரலாறு - 1.4 மட்டும்) 4. சிந்துவெளி நாகரிகம் (11-ம் வகுப்பு அறவியல்) | G37: 1. Indus valley civilization (6th std) 2. Indus valley civilization (9th std - 2.5 only) 3. Indus valley civilization (11th std History- 1.4 only) 4. சிந்துவெளி நாகரிகம் (11-ம் வகுப்பு அறவியல்) | H37: 4 | I37: Not Started
A38: 37 | B38: III | D38: குப்தர்கள் | E38: Guptas ©] > Mi | F38: 1. பேரரசுகளின் காலம் - குப்தர்கள் (ம) வர்த்தமானர்கள் (6-ம் வகுப்பு) 2. குப்தர்கள் (11-ம் வகுப்பு) | G38: 1. Age of empires - Guptas and Vardamanas (6th Std) 2. Guptas (11th Std) | H38: 4 | I38: Not Started
... A93: 92 | B93: VI | D93: தமிழ்நாட்டின் பல்வேறு சீர்திருத்தவாதிகள் சீர்திருத்த இயக்கங்கள் மற்றும் மாற்றங்கள் | E93: Various Social reformers, Social reform movements and Social transformation of Tamil Nadu | F93: 1. நவீனத்தை நோக்கி (தமிழக தகவல்கள் மட்டும்) 2. (11-ம் வகுப்பு - வரலாறு) 3. (2019 பதிப்பு) 4. 19-ம் நூற்றாண்டில் சமூக சமய சீர்திருத்த இயக்கங்கள் (தமிழக தகவல்கள் மட்டும்) 5. (10-ம் வகுப்பு - தொகுதி - 1) 6. (2019-ம் பதிப்பு) 7. தமிழ்நாட்டில் சமூக மாற்றங்கள் (10-ம் வகுப்பு - வரலாறு) | G93: 1. Toward Modernity (TamilNadu Information only) 2. (11th Std - History) 3. (2019 Edition) 4. Social Religious Reform Movements in 19th Century (TamilNadu Information only) 5. (10th Std - Social Vol. 1) 6. (2019 Edition) 7. Social transformation in TamilNadu (10th Std - History) | H93: 11 | I93: Not Started
